age,job,marital,education,default,balance,housing,loan,day,month,duration,campaign,pdays,previous,poutcome
26,10,2,1,0,632,0,0,12,3,218,1,-0.411453106,0,3
38,4,2,2,0,16957,1,0,29,4,208,1,2.065385491,2,0
63,6,1,2,0,661,0,0,2,7,56,2,-0.411453106,0,3
26,4,2,2,0,1027,0,0,23,11,744,1,-0.411453106,0,3
32,9,2,2,0,705,1,0,25,8,414,2,-0.05191202,4,0
28,0,1,1,0,172,1,0,29,4,282,1,2.075372743,2,1
45,7,0,1,0,396,1,1,1,0,251,4,2.884340188,4,0
30,1,1,1,0,2289,1,1,20,9,133,1,-0.411453106,0,3
47,9,0,1,0,1013,0,0,15,11,170,1,0.517361367,3,0
43,9,1,2,0,226,0,0,21,1,156,6,-0.411453106,0,3
38,2,1,1,0,0,1,1,19,9,418,2,-0.411453106,0,3
29,6,2,2,0,1579,0,0,13,10,190,1,0.517361367,5,2
36,0,2,1,0,-207,0,0,2,3,83,1,-0.411453106,0,3
38,4,2,2,0,574,1,0,28,4,62,1,-0.411453106,0,3
26,6,2,2,0,25,0,0,28,4,158,1,-0.411453106,0,3
28,8,2,2,0,3054,0,0,30,0,384,1,0.397514339,6,1
53,6,1,0,0,127,0,0,29,4,78,2,-0.411453106,0,3
29,4,2,2,0,637,1,0,3,6,340,1,0.787017182,1,0
46,9,1,1,0,1353,0,0,18,1,528,5,-0.411453106,0,3
36,4,1,2,0,1352,0,0,19,6,2028,1,-0.411453106,0,3
26,9,2,1,0,639,1,0,6,6,709,5,-0.411453106,0,3
39,4,1,2,0,494,0,0,9,11,216,1,1.426201336,5,2
44,9,1,2,0,1933,0,0,5,6,462,1,-0.411453106,0,3
51,1,1,1,0,8180,1,0,20,9,86,1,-0.411453106,0,3
77,5,1,0,0,29340,0,0,15,7,257,1,0.507374115,2,1
25,1,2,1,0,0,0,0,23,0,163,1,-0.411453106,0,3
39,4,2,2,0,4023,1,0,29,4,126,2,1.975500219,8,1
39,1,1,1,0,1382,1,0,11,3,397,2,-0.411453106,0,3
34,4,0,2,0,0,0,0,21,1,123,2,-0.411453106,0,3
39,7,1,1,0,1179,0,0,25,8,284,1,-0.411453106,0,3
59,5,0,0,0,-88,1,0,5,6,910,2,-0.411453106,0,3
31,4,1,2,0,1224,1,1,20,9,75,2,0.787017182,2,2
33,0,2,1,0,1277,1,0,18,8,827,1,-0.411453106,0,3
33,9,2,1,0,719,1,0,9,0,448,2,2.754505907,6,0
34,4,2,2,0,2646,0,0,14,0,142,1,-0.411453106,0,3
38,4,1,2,0,238,0,0,4,1,139,1,0.517361367,3,0
54,10,1,1,0,1561,0,0,25,8,352,3,1.456163094,2,0
31,0,2,1,0,19,1,0,18,9,1978,1,-0.411453106,0,3
32,1,1,1,0,1879,0,0,6,3,591,8,-0.411453106,0,3
33,8,1,1,0,1536,0,0,9,9,262,1,0.537335872,2,2
58,2,1,2,0,776,1,0,9,5,990,1,-0.411453106,0,3
58,4,0,3,0,2986,0,0,16,11,414,1,0.507374115,5,1
25,7,2,3,0,2022,0,0,29,5,276,8,0.567297629,12,1
61,5,1,0,0,3738,0,0,6,3,188,1,-0.411453106,0,3
60,0,1,2,0,1614,0,0,20,1,921,6,-0.411453106,0,3
35,4,1,2,0,1801,0,0,20,9,53,1,-0.411453106,0,3
41,10,1,0,0,819,0,0,9,3,244,3,-0.411453106,0,3
57,0,0,3,0,4012,0,0,20,9,915,1,-0.411453106,0,3
33,7,1,1,0,227,1,1,13,1,477,2,-0.411453106,0,3
30,7,2,0,1,81,1,0,5,3,37,1,-0.411453106,0,3
59,9,1,1,0,4263,0,1,20,9,426,2,-0.411453106,0,3
36,1,1,1,0,3463,1,0,21,9,29,4,-0.411453106,0,3
52,6,1,1,0,-332,1,0,21,9,70,1,-0.411453106,0,3
45,4,1,2,0,226,1,0,15,3,91,4,1.446175841,6,2
45,9,1,1,0,1831,0,0,27,8,275,2,-0.411453106,0,3
30,7,2,1,0,495,1,0,21,9,641,1,-0.411453106,0,3
57,1,1,3,0,3585,0,0,14,9,172,1,-0.411453106,0,3
41,9,0,1,0,4047,1,0,18,3,343,1,-0.411453106,0,3
51,9,0,1,0,7928,1,0,20,9,124,1,-0.411453106,0,3
34,1,1,0,0,-398,1,0,27,3,47,8,-0.411453106,0,3
30,4,1,2,0,562,0,0,21,1,137,4,-0.411453106,0,3
30,9,1,2,0,526,1,1,26,6,677,3,-0.411453106,0,3
32,10,1,2,0,0,0,0,4,3,106,1,-0.411453106,0,3
43,2,2,3,0,323,0,0,28,4,159,1,1.85565319,1,2
35,4,0,2,0,6997,1,0,9,5,1121,1,-0.411453106,0,3
45,9,1,1,0,366,0,1,3,3,235,2,1.286379803,12,0
30,4,1,2,0,8089,1,0,18,7,232,2,2.534786354,2,0
26,4,2,2,0,159,0,0,3,3,589,1,-0.411453106,0,3
37,1,1,0,0,3370,1,0,20,9,156,4,-0.411453106,0,3
60,7,2,0,0,313,1,0,15,8,920,2,-0.411453106,0,3
33,1,1,1,0,139,1,1,18,8,732,2,2.504824596,5,0
57,4,1,2,0,412,0,0,20,9,123,1,-0.411453106,0,3
57,4,0,2,0,442,0,0,5,3,41,1,2.125309005,3,0
26,8,2,1,0,782,0,0,29,4,297,1,-0.411453106,0,3
35,1,2,0,0,2040,0,0,21,9,258,1,1.166532774,4,0
33,4,2,2,0,0,1,1,21,9,330,2,-0.411453106,0,3
35,0,1,2,0,12634,0,0,20,9,114,1,-0.411453106,0,3
35,9,1,1,0,1368,0,0,27,8,329,1,0.008011495,2,1
41,9,2,2,0,1646,1,0,5,8,258,1,0.497386863,7,2
41,6,0,2,0,4717,1,0,19,9,182,2,-0.411453106,0,3
59,4,1,2,0,1783,0,1,17,9,540,2,-0.411453106,0,3
23,8,2,1,0,1298,0,0,14,5,603,1,-0.411453106,0,3
39,7,0,1,0,1957,1,1,20,9,47,1,-0.411453106,0,3
41,6,1,1,0,13489,0,0,21,9,124,2,-0.411453106,0,3
47,10,1,0,0,324,0,0,21,9,462,2,-0.411453106,0,3
47,6,1,1,0,4420,1,1,20,9,454,1,-0.411453106,0,3
34,9,2,2,0,362,1,0,21,9,15,2,-0.411453106,0,3
31,6,1,1,0,0,1,0,20,9,23,1,-0.411453106,0,3
72,5,1,1,0,951,0,1,12,7,229,3,2.984212712,1,0
55,9,1,3,0,574,1,0,29,4,243,2,-0.411453106,0,3
36,1,1,1,0,324,1,1,16,5,830,1,-0.411453106,0,3
52,4,0,0,0,11,0,0,6,3,365,1,-0.311580582,1,1
25,8,2,1,0,2975,0,0,2,11,799,2,-0.411453106,0,3
35,1,0,3,0,164,0,0,11,6,967,2,-0.411453106,0,3
44,1,2,1,0,292,0,1,17,5,1153,4,-0.411453106,0,3
48,7,1,0,0,1496,1,0,29,4,284,2,2.175245267,2,0
30,10,2,1,0,2303,0,0,6,3,193,5,-0.411453106,0,3
31,4,2,2,0,3283,0,0,21,9,377,1,-0.411453106,0,3
27,4,2,1,0,589,0,0,28,4,24,1,-0.411453106,0,3
35,4,1,2,0,656,1,1,21,9,83,4,-0.411453106,0,3
33,0,2,2,0,7608,0,0,30,7,238,4,-0.411453106,0,3
56,9,1,0,0,314,1,1,30,4,108,2,-0.381491349,5,1
29,0,2,2,0,41,1,0,13,1,148,2,-0.411453106,0,3
53,2,1,1,0,230,1,0,4,3,56,2,2.095347248,1,1
34,9,0,2,0,66,0,1,5,3,102,1,1.296367055,2,0
27,8,2,2,0,1013,0,0,28,4,965,3,-0.411453106,0,3
54,10,2,1,0,3611,1,0,5,3,81,1,-0.411453106,0,3
27,9,2,2,0,149,0,1,30,4,283,1,-0.411453106,0,3
28,0,2,1,0,775,0,0,29,4,603,2,-0.411453106,0,3
42,6,1,1,0,399,0,0,28,4,296,2,-0.411453106,0,3
27,9,1,1,0,2183,1,1,21,8,857,1,-0.411453106,0,3
60,4,1,3,0,0,0,0,4,3,273,1,-0.411453106,0,3
34,1,1,1,0,640,1,0,29,0,636,2,-0.411453106,0,3
56,4,1,0,0,870,0,0,14,8,220,1,1.386252327,1,2
54,9,2,2,0,118,0,0,5,0,280,1,-0.411453106,0,3
24,9,2,1,0,726,0,0,8,11,445,2,-0.411453106,0,3
66,3,0,0,0,3701,0,0,3,7,834,1,-0.411453106,0,3
68,5,0,0,0,2027,0,0,15,6,619,2,0.517361367,2,2
44,10,1,2,0,17747,1,0,5,3,8,7,-0.411453106,0,3
31,0,1,1,0,8295,1,0,19,9,541,1,-0.411453106,0,3
57,0,2,1,0,2223,0,0,12,1,1064,1,-0.411453106,0,3
26,8,2,3,0,826,0,0,29,4,177,1,-0.411453106,0,3
31,9,1,2,0,2166,0,0,13,5,577,6,1.416214084,2,2
30,1,1,0,0,243,0,1,9,3,133,2,1.725818909,2,0
57,5,1,0,0,1532,0,0,6,3,286,3,-0.411453106,0,3
37,0,0,2,0,4708,0,0,2,6,238,1,1.406226832,2,2
32,0,1,1,0,342,0,0,29,4,179,1,-0.411453106,0,3
40,9,1,2,0,1293,0,0,16,11,1702,3,0.647195649,2,2
39,9,1,1,0,10685,1,0,25,5,1369,9,-0.411453106,0,3
27,7,2,1,0,1820,1,0,17,5,1027,1,-0.411453106,0,3
34,2,1,1,0,455,1,0,20,9,88,1,-0.411453106,0,3
35,1,2,1,0,3623,0,0,30,10,160,1,-0.411453106,0,3
30,1,1,1,0,631,1,0,19,9,174,2,-0.411453106,0,3
33,4,2,2,0,30,1,0,22,5,1077,1,-0.411453106,0,3
55,3,1,3,0,366,0,0,5,6,365,3,0.167807533,2,1
31,8,2,1,0,93,0,0,19,9,584,2,-0.411453106,0,3
42,0,0,1,0,153,1,0,16,8,844,1,-0.411453106,0,3
34,9,1,2,0,-624,0,0,2,3,20,8,-0.411453106,0,3
32,4,2,2,0,506,0,0,5,7,63,2,-0.411453106,0,3
35,4,1,2,0,22569,1,0,21,9,72,4,-0.411453106,0,3
28,8,2,2,0,3026,0,0,3,3,124,1,-0.411453106,0,3
59,0,1,1,0,3735,0,0,17,6,243,3,0.507374115,6,2
30,6,1,2,0,2666,0,0,4,8,781,3,0.48739961,1,2
46,2,2,2,0,1410,1,0,19,9,93,1,1.486124851,8,0
75,5,1,0,0,1413,0,0,1,11,532,2,1.476137598,2,2
52,9,1,2,0,2557,0,0,8,5,340,1,1.156545521,1,1
55,5,0,1,0,1580,0,1,19,6,1007,1,-0.411453106,0,3
34,9,1,1,0,133,0,0,12,8,171,2,1.406226832,3,2
29,10,2,0,0,550,0,0,29,4,801,1,-0.411453106,0,3
47,9,0,1,0,1194,1,1,30,4,113,3,-0.411453106,0,3
33,4,1,2,0,603,1,0,29,4,265,1,-0.411453106,0,3
37,7,2,1,0,1534,0,0,30,4,267,6,-0.411453106,0,3
39,4,2,2,0,0,1,0,18,3,224,3,-0.411453106,0,3
27,4,1,1,0,2071,0,0,4,6,449,1,-0.411453106,0,3
57,4,0,2,0,6468,1,0,31,7,684,4,-0.411453106,0,3
47,1,1,1,0,0,1,0,9,3,168,4,1.396239579,2,1
32,9,2,1,0,483,0,0,8,1,580,3,-0.411453106,0,3
36,4,2,2,0,5958,1,0,22,11,155,1,1.436188589,1,2
30,10,1,2,0,330,0,0,14,0,111,1,-0.411453106,0,3
57,0,2,1,0,5768,1,0,19,6,512,1,-0.411453106,0,3
25,4,2,2,0,316,0,0,27,7,347,2,-0.411453106,0,3
30,9,2,2,0,178,0,0,17,5,656,3,-0.411453106,0,3
35,6,2,2,0,71,0,0,15,6,651,1,-0.411453106,0,3
28,7,2,1,0,2992,1,0,30,4,337,4,-0.411453106,0,3
31,4,2,2,0,1619,0,0,30,0,327,2,-0.411453106,0,3
53,9,2,2,0,-167,1,1,2,3,289,1,-0.411453106,0,3
50,9,0,1,0,-54,1,1,13,8,698,2,2.514811849,1,0
28,9,2,1,0,598,1,0,2,7,177,1,2.474862839,2,0
34,4,1,2,0,3301,1,0,17,11,164,5,0.517361367,6,2
52,10,1,1,0,1416,0,0,10,7,436,2,1.416214084,1,2
50,9,0,1,0,8,0,0,2,3,171,2,-0.351529592,1,1
29,1,2,1,0,734,1,1,30,0,259,1,2.554760858,1,1
35,0,1,1,0,220,1,0,2,3,153,4,2.035423733,13,0
47,9,1,1,0,335,0,0,17,3,226,1,-0.411453106,0,3
57,4,1,2,0,1227,0,0,5,6,232,1,-0.411453106,0,3
49,0,1,1,0,197,1,0,13,0,223,1,1.416214084,2,0
26,8,2,2,0,39,0,0,26,8,396,3,-0.411453106,0,3
57,4,0,2,0,-676,1,1,29,4,100,2,2.065385491,1,0
50,4,1,2,0,19447,1,1,21,9,166,1,-0.411453106,0,3
28,8,2,1,0,330,0,0,2,3,197,1,-0.411453106,0,3
44,10,2,1,0,3945,0,0,28,4,255,1,-0.411453106,0,3
45,3,1,0,0,403,0,0,2,0,144,1,-0.411453106,0,3
47,1,1,0,0,475,1,1,29,4,99,2,2.1053345,7,1
33,7,0,1,0,44,0,1,23,5,529,1,-0.411453106,0,3
20,8,2,3,0,829,0,0,9,5,253,2,-0.411453106,0,3
28,4,1,2,0,12,1,0,9,11,202,1,-0.411453106,0,3
37,1,1,0,0,655,1,0,5,3,127,2,2.175245267,4,0
32,7,1,0,0,228,1,0,21,5,1017,6,-0.411453106,0,3
41,1,0,0,0,138,1,0,18,5,640,3,-0.411453106,0,3
42,1,2,0,0,4930,0,0,18,6,973,1,-0.411453106,0,3
28,9,2,2,0,356,0,0,2,7,76,2,-0.411453106,0,3
36,7,0,1,0,532,1,0,29,4,391,1,2.005461976,1,0
54,9,2,2,0,467,1,0,18,5,674,3,-0.411453106,0,3
31,1,2,3,0,6281,0,0,22,10,257,1,0.876902454,3,1
43,1,1,1,0,953,1,0,4,3,765,2,-0.411453106,0,3
48,1,1,1,0,578,1,0,2,3,70,1,2.095347248,1,0
46,4,0,2,0,-94,1,0,21,9,183,4,-0.411453106,0,3
55,1,1,1,0,0,0,0,12,6,614,2,-0.411453106,0,3
45,4,1,2,0,2953,1,1,5,3,388,1,-0.411453106,0,3
32,6,2,2,0,0,1,0,6,8,767,1,-0.411453106,0,3
28,4,2,2,0,866,0,0,23,7,191,2,-0.411453106,0,3
30,7,1,0,0,1015,1,0,20,9,24,1,0.727093668,8,0
43,4,1,2,0,1751,1,0,21,9,146,4,-0.411453106,0,3
63,4,1,3,0,2352,0,0,4,8,475,7,-0.411453106,0,3
60,7,1,1,0,292,0,1,2,3,260,5,1.546048365,4,0
67,3,0,1,0,5275,0,0,13,1,222,4,-0.411453106,0,3
26,0,2,1,0,2509,0,0,27,8,776,3,0.567297629,3,2
21,8,2,3,0,53,0,0,14,6,270,1,-0.411453106,0,3
45,1,1,0,0,803,1,0,4,8,742,4,-0.411453106,0,3
35,10,2,2,0,415,0,0,4,1,462,1,0.517361367,4,2
69,9,1,2,0,482,0,0,29,5,478,1,2.265130539,1,0
36,6,1,1,0,1184,1,0,6,0,1063,1,-0.411453106,0,3
50,4,0,2,0,810,0,0,4,6,510,3,-0.411453106,0,3
55,9,1,1,1,-308,0,0,2,3,781,1,-0.411453106,0,3
31,1,1,0,0,1738,0,0,5,3,895,3,-0.411453106,0,3
37,7,2,2,0,1189,0,0,13,11,323,9,1.585997375,4,1
49,7,0,1,0,0,0,0,28,5,412,2,-0.411453106,0,3
45,9,0,1,0,2657,0,0,7,1,895,3,-0.411453106,0,3
48,1,1,1,0,750,0,0,5,3,85,2,-0.321567835,2,1
28,10,2,2,0,0,0,0,6,3,15,9,-0.411453106,0,3
18,8,2,3,0,108,0,0,9,3,92,1,1.426201336,1,2
57,5,1,1,0,5313,0,0,16,2,283,2,1.556035618,1,2
25,10,2,0,0,129,0,0,12,0,176,3,-0.411453106,0,3
37,4,1,1,0,-499,1,0,21,9,71,3,-0.411453106,0,3
38,10,1,0,0,7005,1,0,7,5,370,1,3.713282138,1,0
34,4,1,2,0,179,1,0,20,9,184,1,-0.411453106,0,3
56,2,1,0,0,84,0,0,29,4,184,2,-0.411453106,0,3
32,0,1,1,0,752,1,0,6,8,519,2,1.256418046,5,0
47,4,2,2,0,440,0,0,21,1,71,4,-0.411453106,0,3
30,1,2,2,0,297,0,0,7,0,465,4,-0.411453106,0,3
55,1,1,0,0,119,0,0,29,4,118,1,-0.411453106,0,3
30,4,1,2,0,24,1,0,29,4,207,2,-0.411453106,0,3
45,4,1,1,0,446,0,0,6,1,304,3,-0.411453106,0,3
30,0,2,1,0,585,0,1,2,3,7,6,-0.411453106,0,3
42,9,1,2,0,757,0,0,30,0,354,1,0.387527086,1,2
39,9,1,1,0,603,0,1,15,0,214,1,-0.411453106,0,3
55,4,1,3,0,559,0,0,28,4,271,2,-0.411453106,0,3
45,1,1,0,0,103,0,0,28,4,64,3,-0.411453106,0,3
41,0,2,1,0,985,1,0,30,6,274,2,3.503549837,11,2
51,5,2,1,0,5885,0,0,3,3,134,6,-0.411453106,0,3
33,4,2,2,0,206,0,0,21,1,231,3,-0.411453106,0,3
43,1,1,0,0,3917,0,0,3,6,725,2,0.52734862,1,2
27,0,2,2,0,138,0,0,15,6,89,2,-0.411453106,0,3
42,6,2,1,0,429,0,0,28,4,96,2,-0.411453106,0,3
66,3,1,0,0,40,0,0,14,10,290,2,-0.411453106,0,3
50,4,1,0,0,313,0,0,14,10,958,1,-0.411453106,0,3
30,4,2,2,0,536,0,0,14,4,362,2,0.507374115,2,2
37,10,0,1,0,74,1,0,6,3,120,1,2.345028558,1,0
30,1,1,1,0,167,1,0,10,5,255,1,-0.411453106,0,3
57,4,0,3,0,0,0,0,27,7,102,1,-0.411453106,0,3
45,10,2,1,0,17609,0,0,9,3,222,6,-0.411453106,0,3
53,10,1,1,0,7,0,0,30,4,68,2,-0.411453106,0,3
54,4,1,0,0,3859,0,1,20,9,104,3,-0.411453106,0,3
31,7,2,1,0,125,0,0,2,3,360,1,-0.411453106,0,3
44,10,2,0,1,-4,0,1,30,5,788,2,-0.411453106,0,3
26,7,2,2,0,0,0,1,1,5,261,4,-0.411453106,0,3
44,4,0,2,0,2367,0,0,22,11,263,1,1.436188589,6,2
44,4,2,2,0,5063,0,0,27,10,418,2,-0.411453106,0,3
30,0,2,1,0,270,0,0,9,3,123,1,-0.411453106,0,3
32,9,2,2,0,5514,0,0,22,0,319,1,1.416214084,1,2
39,4,1,1,0,0,0,0,28,4,224,2,-0.411453106,0,3
36,1,1,1,0,106,1,0,9,3,51,5,-0.411453106,0,3
43,10,1,0,0,519,0,0,20,6,973,2,-0.411453106,0,3
70,5,0,0,0,482,0,0,14,4,372,1,1.556035618,2,2
58,9,1,0,0,4198,0,0,15,10,441,5,2.055398238,5,0
40,4,2,2,0,1361,0,0,29,4,1473,1,-0.411453106,0,3
56,0,1,1,0,45,0,0,5,8,1467,1,-0.411453106,0,3
34,0,2,1,0,-32,0,1,30,0,246,2,-0.411453106,0,3
41,0,0,1,0,110,1,1,5,3,76,2,-0.411453106,0,3
55,9,1,3,0,1393,1,1,21,9,55,5,-0.411453106,0,3
38,1,1,1,0,814,1,0,4,3,306,1,-0.411453106,0,3
38,9,1,1,0,6728,0,0,21,1,252,4,-0.411453106,0,3
43,6,1,2,0,6424,0,0,20,9,55,1,-0.411453106,0,3
41,8,2,1,0,1934,1,0,21,9,162,2,-0.411453106,0,3
39,7,1,1,0,323,0,0,9,6,874,2,1.476137598,6,0
25,4,2,2,0,2305,0,0,3,3,207,1,-0.411453106,0,3
53,9,1,3,0,6921,1,0,19,9,130,3,1.476137598,2,1
57,0,1,1,0,3944,0,0,21,9,36,2,-0.411453106,0,3
33,1,2,1,0,16649,1,0,5,3,173,1,-0.411453106,0,3
40,1,1,1,0,1954,0,0,31,5,1107,2,-0.411453106,0,3
34,3,1,0,0,2929,0,0,14,1,518,2,-0.411453106,0,3
36,9,2,1,0,480,1,0,28,4,90,1,-0.411453106,0,3
38,2,2,1,0,2543,0,0,10,1,223,1,3.733256643,4,0
34,7,1,1,0,1637,1,0,21,9,107,4,-0.411453106,0,3
44,0,0,1,0,163,1,0,14,5,1669,2,-0.411453106,0,3
35,1,2,1,0,278,0,0,2,3,60,1,-0.411453106,0,3
36,0,1,1,0,725,1,0,27,3,123,3,0.587272134,8,0
25,1,2,1,0,2007,0,0,12,4,265,2,-0.411453106,0,3
55,3,1,1,0,5,0,0,2,3,269,1,1.655908142,2,0
29,0,2,1,0,1070,1,0,19,8,30,1,3.163983255,1,1
35,4,0,2,0,141,0,1,20,9,728,1,-0.411453106,0,3
62,5,0,2,0,0,0,0,13,9,227,2,-0.411453106,0,3
55,5,1,1,0,905,0,0,30,4,861,1,-0.381491349,1,1
39,10,2,1,0,-114,1,0,3,3,372,1,-0.411453106,0,3
46,7,1,2,0,-780,0,1,5,3,128,1,-0.411453106,0,3
33,1,1,1,0,3514,1,0,20,9,214,2,1.436188589,2,0
39,1,2,1,0,-480,1,1,2,3,147,2,2.115321753,3,1
30,7,1,1,0,0,1,0,21,9,681,4,-0.411453106,0,3
32,4,2,2,0,2465,0,0,13,1,414,1,-0.411453106,0,3
57,4,1,2,0,17118,1,0,21,9,102,1,-0.411453106,0,3
35,0,2,1,0,507,1,0,22,5,560,2,-0.411453106,0,3
66,3,1,1,0,1929,0,0,2,3,169,1,-0.411453106,0,3
47,5,0,1,0,700,1,0,6,3,69,3,-0.411453106,0,3
27,8,1,1,0,119,1,0,16,5,781,2,-0.411453106,0,3
57,0,1,1,0,169,0,0,3,3,369,1,-0.411453106,0,3
55,4,0,2,0,2383,0,0,5,1,1019,2,0.227731048,2,2
60,0,1,1,0,3735,0,0,22,7,248,1,0.497386863,10,2
51,1,1,1,0,2007,1,0,12,1,1226,3,-0.411453106,0,3
33,9,1,1,0,889,1,0,4,3,139,1,-0.411453106,0,3
36,4,1,2,0,-115,1,0,16,0,297,4,1.416214084,2,1
66,4,1,1,0,587,0,0,12,8,457,2,3.51353709,2,2
37,9,2,3,0,7245,0,0,20,9,143,6,-0.411453106,0,3
26,1,2,2,0,644,0,0,2,2,346,1,-0.411453106,0,3
52,9,1,1,0,0,1,0,7,11,211,1,2.534786354,1,0
39,4,1,2,0,1981,0,0,21,1,1026,4,-0.411453106,0,3
45,10,2,0,0,2249,1,0,9,3,247,5,-0.411453106,0,3
36,9,0,1,0,1,0,0,8,1,1242,3,-0.411453106,0,3
51,4,1,2,0,346,0,0,11,1,237,1,1.396239579,6,2
47,1,1,0,0,556,1,0,4,3,147,2,2.235168781,4,1
42,11,2,0,0,2398,1,0,3,3,144,2,2.305079548,2,0
26,0,2,1,0,274,0,0,1,0,351,3,-0.411453106,0,3
31,1,1,0,0,347,0,0,20,9,21,1,-0.411453106,0,3
38,1,1,0,0,433,0,0,20,9,81,2,0.956800473,3,0
54,1,1,1,0,688,1,0,4,3,379,2,-0.411453106,0,3
60,5,1,1,0,372,0,0,28,4,449,2,-0.411453106,0,3
36,4,0,2,0,210,1,0,21,9,62,1,0.866915202,2,0
34,0,0,1,0,661,1,0,5,1,245,2,1.426201336,10,0
49,7,1,1,0,320,0,0,9,3,1971,4,-0.411453106,0,3
32,9,2,2,0,6746,0,0,11,9,199,1,-0.411453106,0,3
39,6,2,2,0,426,0,0,18,6,1029,1,-0.411453106,0,3
40,1,1,1,0,4853,0,0,19,9,259,1,0.707119163,2,0
40,6,1,2,0,1604,0,0,20,9,117,1,-0.411453106,0,3
53,11,1,3,0,549,0,0,28,4,74,2,-0.411453106,0,3
33,9,2,3,0,10600,0,0,5,3,202,1,2.265130539,2,0
32,3,1,0,0,-184,1,0,6,3,129,2,1.56602287,1,0
27,4,2,2,0,497,0,0,5,3,125,1,-0.411453106,0,3
37,4,1,2,1,-22,0,0,29,4,128,1,-0.411453106,0,3
25,8,2,1,0,108,0,0,29,0,305,3,-0.411453106,0,3
50,2,1,2,0,8649,1,0,20,9,141,1,-0.411453106,0,3
28,4,2,1,0,1861,0,0,29,4,43,2,-0.411453106,0,3
35,1,2,0,0,-276,1,0,13,8,850,1,-0.411453106,0,3
51,5,0,1,0,1679,0,0,12,1,417,1,3.243881275,9,1
57,9,1,1,0,7554,0,0,28,10,141,1,-0.411453106,0,3
40,9,1,1,0,56,1,1,29,4,194,1,2.065385491,1,0
53,10,1,1,0,94,0,0,10,1,493,1,1.406226832,14,2
31,4,2,2,0,1724,1,0,29,4,152,2,2.135296257,1,0
33,7,1,1,0,1697,0,0,3,9,179,1,-0.411453106,0,3
37,9,1,2,0,183,1,0,29,4,51,1,2.175245267,1,0
36,1,1,1,0,655,0,0,20,9,986,6,-0.411453106,0,3
25,4,2,2,0,943,0,0,30,0,512,1,-0.411453106,0,3
48,4,0,2,0,5978,0,0,28,4,58,1,-0.411453106,0,3
34,7,1,1,0,1337,0,0,17,2,330,2,0.866915202,3,2
40,9,1,1,0,4441,1,0,20,9,153,2,1.426201336,2,0
37,0,2,1,0,528,1,0,21,9,65,1,-0.411453106,0,3
54,4,1,2,0,1014,0,1,30,0,240,1,1.216469036,2,0
31,1,1,0,0,-537,1,1,21,5,1039,7,-0.411453106,0,3
27,1,2,2,0,644,0,0,2,6,657,1,1.416214084,1,2
56,4,1,2,0,830,1,1,6,8,1201,1,-0.411453106,0,3
30,1,1,1,0,363,1,0,3,3,165,1,-0.411453106,0,3
31,1,1,1,0,1406,1,1,13,0,1091,2,-0.411453106,0,3
25,0,1,3,0,349,1,0,22,5,1037,8,-0.411453106,0,3
50,4,1,2,0,1612,0,0,15,6,532,2,0.577284882,2,1
33,9,1,1,0,7621,0,0,21,1,68,1,-0.411453106,0,3
60,5,1,1,0,8332,0,0,16,7,279,1,1.536061113,7,1
82,5,1,1,0,276,0,0,17,1,199,1,-0.411453106,0,3
24,4,2,2,0,736,1,0,15,0,442,2,2.055398238,2,1
38,2,1,1,0,868,0,0,20,9,452,2,-0.411453106,0,3
39,4,2,2,0,313,0,1,29,4,118,5,1.556035618,1,1
34,0,1,1,0,260,0,0,28,4,50,1,-0.411453106,0,3
33,4,2,2,0,3143,0,0,29,6,421,2,-0.411453106,0,3
52,1,1,0,0,4793,1,0,21,9,61,3,1.27639255,2,0
35,9,1,1,0,905,0,1,21,1,114,2,-0.411453106,0,3
40,4,1,2,0,378,1,1,28,4,260,1,2.275117791,2,0
50,9,1,1,0,3654,0,0,29,10,215,2,0.377539834,2,1
52,9,1,1,0,195,1,0,18,3,220,1,0.227731048,5,0
35,1,1,3,0,520,1,0,17,0,476,1,-0.411453106,0,3
61,0,1,3,0,4629,1,0,27,4,181,1,0.517361367,1,2
59,4,1,1,0,4412,0,0,2,9,162,2,-0.411453106,0,3
37,4,1,2,0,410,0,0,29,4,337,2,-0.411453106,0,3
60,6,1,0,0,362,0,1,29,5,816,6,-0.411453106,0,3
34,3,2,0,0,443,0,0,30,4,10,1,-0.381491349,1,1
57,0,1,3,0,596,0,0,29,4,90,1,-0.411453106,0,3
62,5,1,1,0,298,0,0,17,9,709,2,-0.411453106,0,3
51,10,1,1,0,636,0,0,30,4,321,1,-0.411453106,0,3
24,8,2,1,0,23878,0,0,26,8,133,1,0.567297629,1,2
32,9,2,2,0,703,1,0,3,3,489,2,2.305079548,2,2
41,0,1,1,0,3204,0,1,30,4,210,2,-0.411453106,0,3
34,9,1,1,0,1137,0,0,29,4,383,2,1.655908142,1,1
33,7,1,1,0,260,1,0,31,7,248,1,-0.411453106,0,3
44,6,2,2,0,1367,1,0,13,0,1232,3,1.056672997,1,1
35,7,2,1,0,719,1,0,18,8,1359,3,3.273843032,3,0
28,6,1,1,0,-522,1,1,18,8,638,2,-0.411453106,0,3
36,0,1,1,0,96,0,0,2,3,302,1,-0.411453106,0,3
38,0,1,2,0,1988,0,0,27,7,164,2,0.896876959,2,0
32,0,2,1,0,566,1,0,29,4,61,1,-0.411453106,0,3
23,0,2,2,0,0,0,0,5,7,168,2,-0.411453106,0,3
37,1,1,1,0,0,1,0,21,9,169,1,0.727093668,5,1
51,1,1,1,0,575,0,1,20,9,168,1,-0.411453106,0,3
45,1,0,0,0,1512,1,0,9,3,13,11,-0.411453106,0,3
56,3,1,0,0,445,0,0,21,9,13,6,-0.411453106,0,3
30,0,2,2,0,311,0,0,31,7,158,2,-0.411453106,0,3
59,5,1,0,0,866,0,1,2,3,88,1,1.675882647,1,1
32,1,1,0,0,651,1,0,4,3,628,2,2.265130539,2,0
46,4,0,2,0,14481,1,0,30,8,1269,1,-0.411453106,0,3
41,9,1,1,0,4004,0,0,17,0,314,2,-0.411453106,0,3
35,0,1,1,0,725,1,0,20,9,219,7,0.926838716,1,0
46,9,1,1,0,198,1,0,30,4,153,1,-0.381491349,6,1
55,9,1,1,0,3899,1,0,28,5,596,4,-0.411453106,0,3
52,5,1,2,0,2269,0,0,20,6,1210,1,-0.411453106,0,3
41,1,1,3,0,402,1,0,4,3,604,1,1.635933637,2,0
34,9,0,2,0,674,1,0,7,1,587,2,-0.411453106,0,3
29,4,2,2,0,0,1,0,30,8,539,12,-0.411453106,0,3
36,4,2,3,0,62,0,0,13,5,311,1,0.507374115,2,2
71,5,1,2,0,653,0,0,26,3,367,1,-0.411453106,0,3
37,0,0,2,0,195,1,0,29,4,39,1,-0.411453106,0,3
36,4,2,2,0,5171,1,0,21,9,174,1,-0.411453106,0,3
34,9,1,1,0,1035,0,0,25,1,1374,10,-0.411453106,0,3
27,7,2,1,0,-195,1,0,18,8,391,1,-0.411453106,0,3
24,7,2,1,0,414,1,0,18,8,493,1,3.293817537,1,1
27,4,2,2,0,-69,1,0,15,3,205,3,-0.411453106,0,3
86,5,1,0,0,5236,0,0,1,0,558,2,-0.411453106,0,3
35,1,1,0,0,1177,0,0,8,6,243,4,-0.411453106,0,3
42,4,1,2,0,36,0,0,21,9,664,3,-0.411453106,0,3
54,7,1,1,0,514,1,0,2,3,109,1,1.456163094,3,0
22,8,2,1,0,2162,0,0,2,3,168,1,-0.411453106,0,3
33,1,1,3,0,695,1,1,21,9,148,1,-0.411453106,0,3
46,0,1,1,0,974,0,0,17,7,178,1,-0.411453106,0,3
40,1,1,1,0,1451,0,0,1,6,314,1,-0.411453106,0,3
49,0,0,1,0,168,1,1,8,8,513,1,-0.411453106,0,3
39,4,2,2,0,-145,1,0,2,3,268,2,1.556035618,2,0
25,8,2,1,0,2354,0,0,5,3,226,7,-0.411453106,0,3
23,3,1,2,0,66,1,0,7,8,1391,2,-0.411453106,0,3
45,10,1,2,0,1148,0,0,19,9,782,2,-0.411453106,0,3
34,0,2,2,0,4254,1,0,21,9,714,1,-0.411453106,0,3
56,4,0,2,0,505,0,0,9,3,108,2,1.585997375,3,1
32,9,2,2,0,0,1,1,13,8,440,2,-0.411453106,0,3
56,7,1,1,0,642,1,0,30,4,16,1,-0.381491349,3,1
41,0,2,1,0,386,0,0,29,4,125,1,-0.411453106,0,3
35,7,1,1,0,4170,1,0,20,8,1777,1,-0.411453106,0,3
65,5,1,1,0,2326,0,1,21,1,276,1,-0.411453106,0,3
53,9,2,1,0,925,0,0,25,1,930,3,-0.411453106,0,3
56,9,1,2,0,73,0,0,21,1,644,4,-0.411453106,0,3
38,4,0,2,0,441,1,0,30,4,67,1,-0.411453106,0,3
36,1,1,0,0,378,1,0,5,8,1240,1,-0.411453106,0,3
30,6,2,2,0,251,0,0,12,5,537,1,-0.411453106,0,3
28,0,2,1,0,-7,0,1,26,6,3183,2,-0.411453106,0,3
37,6,2,1,0,4894,0,0,20,9,240,1,-0.411453106,0,3
42,4,1,2,0,2772,1,0,2,0,244,1,-0.411453106,0,3
65,5,1,0,0,1004,0,0,28,10,371,1,-0.411453106,0,3
39,4,1,3,0,1253,0,0,2,3,337,1,-0.411453106,0,3
29,4,2,2,0,536,0,0,29,4,418,2,-0.411453106,0,3
27,8,2,1,0,1177,0,0,3,7,133,1,-0.411453106,0,3
52,4,1,2,0,6873,1,0,21,9,235,2,-0.411453106,0,3
52,1,0,0,0,528,0,0,4,3,307,1,-0.411453106,0,3
50,2,1,2,0,6825,0,0,21,9,24,9,-0.411453106,0,3
46,9,1,3,0,3308,0,0,27,10,171,1,0.507374115,2,2
37,0,1,1,0,2254,0,0,2,3,233,2,-0.411453106,0,3
31,6,1,2,0,94,0,0,22,1,579,2,-0.411453106,0,3
43,0,0,1,0,738,1,0,21,9,585,4,1.506099356,4,0
43,10,1,1,0,553,0,0,4,3,125,1,-0.411453106,0,3
31,9,2,2,0,1320,0,0,4,3,377,1,-0.411453106,0,3
52,4,1,2,0,7900,1,0,20,9,90,2,-0.411453106,0,3
28,9,2,2,0,1628,1,0,25,5,1422,2,-0.411453106,0,3
30,4,2,2,0,1541,0,0,18,1,471,8,-0.411453106,0,3
58,5,1,2,0,0,0,0,21,1,138,2,-0.411453106,0,3
25,9,2,1,0,0,0,1,8,5,634,1,-0.411453106,0,3
40,4,1,2,0,66,0,0,13,1,737,4,-0.411453106,0,3
36,4,1,0,0,3953,1,0,19,9,277,1,-0.411453106,0,3
68,5,1,1,0,2469,1,0,15,5,552,2,-0.411453106,0,3
46,1,1,0,0,1227,0,0,28,4,157,3,-0.411453106,0,3
32,1,1,1,0,0,1,0,19,9,188,2,-0.411453106,0,3
32,7,1,1,0,3181,1,0,21,9,118,2,1.35629057,7,0
39,4,0,1,0,4314,1,0,20,9,141,4,-0.411453106,0,3
62,5,1,3,0,800,0,0,17,3,737,1,-0.411453106,0,3
36,9,1,1,0,4613,0,0,19,9,207,2,-0.411453106,0,3
59,4,1,2,0,2239,0,0,22,8,431,1,-0.411453106,0,3
35,0,1,1,0,304,0,0,18,7,237,1,-0.411453106,0,3
57,4,1,2,0,1172,0,0,19,9,164,3,-0.411453106,0,3
41,4,2,2,0,120,0,1,24,7,81,1,0.087909514,3,1
26,0,2,1,0,1200,0,0,29,4,232,3,-0.411453106,0,3
45,9,1,2,0,-525,0,1,21,9,980,2,-0.411453106,0,3
25,4,2,2,0,219,0,0,30,0,458,1,-0.411453106,0,3
30,9,2,2,0,880,1,1,19,8,967,6,-0.411453106,0,3
53,1,2,0,0,354,1,0,29,4,133,1,1.85565319,2,0
49,1,1,0,0,0,1,0,2,3,210,1,-0.411453106,0,3
68,5,0,0,0,2027,0,0,14,11,404,2,0.507374115,4,2
40,4,1,2,0,89,1,1,9,3,148,6,-0.411453106,0,3
71,5,1,1,0,1696,0,0,6,10,486,1,-0.411453106,0,3
38,0,1,1,0,47,1,0,4,8,288,5,-0.411453106,0,3
29,0,2,1,0,464,0,0,9,9,208,2,0.507374115,3,2
47,1,0,0,0,603,1,1,8,8,1080,1,-0.411453106,0,3
53,0,1,1,0,-375,1,0,30,4,103,1,2.115321753,1,0
27,9,2,2,0,401,0,0,6,1,218,3,0.52734862,2,2
53,11,1,0,0,732,0,0,27,10,759,2,-0.411453106,0,3
43,4,1,2,0,2987,0,0,11,7,103,3,-0.411453106,0,3
29,10,2,2,0,1311,0,0,28,1,622,1,-0.411453106,0,3
57,1,1,1,0,1540,1,0,17,9,564,1,-0.411453106,0,3
41,1,1,1,0,0,1,0,1,0,625,2,-0.411453106,0,3
40,4,1,2,0,2243,0,0,20,9,178,4,-0.411453106,0,3
30,4,1,2,0,419,1,0,4,6,194,1,-0.411453106,0,3
41,1,1,0,0,2007,1,0,30,4,419,1,-0.411453106,0,3
31,9,1,1,0,2420,1,0,19,9,166,1,-0.411453106,0,3
65,5,1,0,0,1760,0,0,18,1,855,4,-0.411453106,0,3
36,1,2,1,0,376,1,1,4,3,180,1,2.335041306,3,0
31,9,1,2,0,26,0,1,18,9,419,1,0.866915202,6,1
30,1,2,1,0,161,0,1,8,11,298,3,-0.411453106,0,3
84,5,1,2,0,4761,0,0,9,11,1405,1,0.517361367,3,0
42,4,2,2,0,7104,0,0,20,9,20,6,-0.411453106,0,3
27,11,2,1,0,1187,0,0,26,3,232,1,0.607246639,1,0
31,4,2,2,0,5691,1,0,21,9,37,2,0.826966192,1,0
36,0,2,1,0,268,0,1,29,4,719,1,-0.411453106,0,3
30,2,1,1,0,1013,1,0,3,3,24,9,-0.411453106,0,3
41,7,0,1,0,-376,1,0,2,3,421,3,1.975500219,9,1
38,10,2,2,0,0,0,0,6,3,39,2,-0.411453106,0,3
32,1,1,1,0,254,1,0,19,9,1720,3,-0.411453106,0,3
49,4,2,2,0,7443,0,0,20,9,35,2,-0.411453106,0,3
30,9,2,1,0,1416,0,0,19,9,519,2,-0.411453106,0,3
28,4,2,2,0,185,0,0,30,4,651,2,-0.411453106,0,3
36,4,2,2,0,1379,0,0,25,8,189,1,1.456163094,1,0
58,5,2,1,0,1640,0,1,4,3,72,6,2.335041306,4,0
41,4,1,2,0,60,1,0,20,9,239,2,-0.411453106,0,3
31,7,1,1,0,283,1,0,19,9,214,2,-0.411453106,0,3
27,9,2,2,0,3706,1,0,16,8,897,1,-0.411453106,0,3
56,5,1,0,0,9367,0,0,13,1,320,2,0.607246639,2,2
78,5,1,0,0,158,0,0,18,3,360,1,-0.411453106,0,3
26,0,2,1,0,94,0,0,29,4,171,1,-0.411453106,0,3
40,4,1,1,0,18,1,0,5,3,166,1,-0.321567835,2,1
38,9,2,2,0,508,1,1,12,1,1103,2,-0.411453106,0,3
33,6,1,1,0,409,0,0,8,11,165,1,0.567297629,4,2
31,7,1,1,1,-158,1,0,21,9,214,2,-0.411453106,0,3
27,4,2,2,0,791,0,0,29,4,620,1,-0.411453106,0,3
28,7,2,1,0,298,0,0,29,4,914,2,-0.411453106,0,3
46,4,0,2,0,558,0,0,6,5,319,1,-0.411453106,0,3
30,7,1,1,0,9531,0,0,21,9,105,4,-0.411453106,0,3
32,1,1,1,0,136,0,0,16,9,206,1,1.476137598,3,2
34,8,2,3,0,1011,0,0,1,6,253,1,-0.411453106,0,3
36,1,1,0,0,403,1,0,4,6,920,1,-0.411453106,0,3
28,0,1,1,0,1595,0,0,9,11,268,1,2.135296257,4,2
33,6,1,2,0,631,0,0,20,9,51,2,-0.411453106,0,3
34,6,2,2,0,6,0,0,20,9,501,2,-0.411453106,0,3
38,4,0,1,0,257,1,0,30,0,435,1,-0.411453106,0,3
26,1,2,1,0,2007,0,0,13,10,194,1,0.517361367,5,2
41,1,1,1,0,580,1,0,14,8,874,1,3.22390677,1,0
37,7,2,1,0,1050,1,0,3,3,586,3,-0.411453106,0,3
44,4,1,2,0,1451,1,0,5,3,80,7,0.397514339,15,0
41,1,1,0,0,620,0,0,28,4,314,1,-0.411453106,0,3
48,4,1,2,0,1167,1,1,1,6,264,1,-0.411453106,0,3
36,1,2,1,0,0,1,0,5,3,569,2,-0.411453106,0,3
23,6,2,2,0,780,0,0,16,11,393,1,1.426201336,3,2
29,1,2,1,0,202,0,0,30,4,128,2,-0.411453106,0,3
58,4,0,2,0,315,1,0,1,0,121,2,0.946813221,2,0
32,9,1,2,0,3820,1,0,3,7,105,1,-0.411453106,0,3
61,5,1,2,0,3140,1,1,6,1,975,4,0.577284882,1,3
43,0,2,1,0,386,0,0,12,5,220,3,4.881790669,1,0
27,0,1,1,0,1293,1,0,8,0,1665,3,-0.411453106,0,3
28,0,2,1,0,136,0,0,16,6,355,1,-0.411453106,0,3
45,4,1,2,0,786,0,0,10,11,84,3,-0.411453106,0,3
30,7,2,1,0,117,0,0,28,4,135,1,-0.411453106,0,3
33,8,1,2,0,3214,0,0,20,9,60,1,-0.411453106,0,3
36,4,0,2,0,0,0,0,4,1,1165,1,-0.411453106,0,3
59,9,0,1,0,2396,0,0,20,9,488,1,-0.411453106,0,3
31,1,1,3,0,-120,1,0,3,3,100,3,1.60597188,2,0
42,9,0,1,0,-593,0,0,28,4,69,1,-0.411453106,0,3
29,4,2,1,0,703,1,0,16,9,236,1,5.09152297,2,2
39,4,0,2,0,-980,1,0,4,3,52,2,2.195219772,1,0
51,0,1,1,0,2662,0,0,28,4,148,2,-0.411453106,0,3
53,4,0,2,0,2152,0,0,13,3,75,3,-0.411453106,0,3
31,1,2,1,0,239,1,0,18,8,666,1,3.193945013,1,2
29,10,1,2,0,53,0,0,4,3,128,1,-0.411453106,0,3
53,3,1,0,0,362,0,0,28,5,1169,2,-0.411453106,0,3
33,7,1,1,0,1631,1,0,20,9,366,6,-0.411453106,0,3
43,0,1,1,0,2271,0,0,10,9,524,1,-0.411453106,0,3
29,6,2,2,0,3290,0,0,12,8,430,1,0.097896766,3,2
54,0,1,1,1,-1089,0,1,28,4,105,2,-0.411453106,0,3
28,8,2,2,0,0,0,0,28,11,294,2,0.647195649,7,1
85,5,1,0,0,12114,0,0,12,3,165,2,-0.411453106,0,3
44,1,1,1,0,1308,0,0,30,4,334,1,-0.411453106,0,3
57,9,1,1,0,254,0,0,27,10,207,1,-0.411453106,0,3
26,7,2,1,0,1347,0,0,18,6,280,6,0.517361367,5,1
50,2,1,2,0,2442,0,0,3,3,145,1,-0.411453106,0,3
27,10,2,2,0,3060,0,0,30,4,533,1,-0.411453106,0,3
30,4,2,2,0,398,0,0,27,10,102,1,1.396239579,3,2
35,2,1,0,0,-394,1,0,20,9,217,3,-0.411453106,0,3
26,10,2,0,0,1213,0,0,29,4,685,1,-0.411453106,0,3
57,3,0,0,0,492,0,0,21,9,181,2,-0.411453106,0,3
46,4,1,3,0,802,1,0,30,4,445,1,1.486124851,1,0
36,4,2,2,0,479,0,0,9,3,629,2,-0.411453106,0,3
45,9,1,1,0,999,1,0,20,9,215,6,1.476137598,2,0
35,9,1,1,0,0,0,0,1,0,295,1,2.624671625,1,1
34,9,1,1,0,7171,1,0,19,9,523,2,-0.411453106,0,3
22,8,2,1,0,948,0,0,18,1,215,1,1.56602287,2,0
33,7,2,1,0,489,1,0,4,8,297,4,2.93427645,1,1
28,1,2,1,0,1285,0,0,30,4,199,2,-0.381491349,17,1
57,0,0,1,0,658,0,0,10,5,724,1,-0.411453106,0,3
41,4,0,2,0,-78,1,0,3,3,69,4,2.115321753,4,0
38,4,1,2,0,630,0,0,2,11,362,1,3.47358808,3,1
33,1,2,1,0,2945,0,0,20,9,91,1,-0.411453106,0,3
36,1,1,1,0,270,1,1,20,9,884,2,-0.411453106,0,3
31,10,0,0,0,0,1,0,30,8,745,12,-0.411453106,0,3
51,4,1,2,0,-321,0,0,6,3,470,2,-0.311580582,2,1
24,4,2,2,0,507,0,0,3,5,257,1,-0.411453106,0,3
36,7,1,1,0,2984,1,0,2,6,394,1,-0.411453106,0,3
51,2,1,1,0,-799,0,1,15,5,1001,3,-0.411453106,0,3
35,9,1,2,0,633,1,1,2,3,76,3,-0.351529592,3,1
46,0,1,0,0,96,0,0,4,3,151,2,-0.411453106,0,3
53,10,0,1,0,587,0,0,19,9,561,1,-0.411453106,0,3
37,1,2,1,0,133,1,0,11,8,1388,2,-0.411453106,0,3
47,4,1,2,0,3505,0,0,17,9,434,2,-0.411453106,0,3
31,1,2,1,0,726,0,0,7,5,719,2,-0.411453106,0,3
48,1,1,1,0,426,1,1,5,3,153,2,1.366277822,2,0
38,1,1,0,0,5839,1,0,4,6,984,2,-0.411453106,0,3
59,5,1,1,0,26,0,0,18,3,92,3,-0.411453106,0,3
42,4,1,0,0,-417,1,0,5,3,81,3,2.325054053,3,0
30,9,2,2,0,0,1,0,5,6,159,2,-0.411453106,0,3
38,0,1,1,0,76,0,0,20,9,129,1,-0.411453106,0,3
55,5,1,0,0,3334,0,0,14,1,632,4,-0.411453106,0,3
31,10,2,1,0,315,0,0,30,4,130,1,-0.381491349,1,1
41,9,2,1,0,1508,0,1,28,4,301,2,-0.411453106,0,3
35,6,1,2,0,1820,1,1,29,4,120,1,-0.411453106,0,3
48,7,1,1,0,74,0,0,2,3,201,1,-0.411453106,0,3
45,0,1,1,0,285,0,0,6,3,8,5,-0.411453106,0,3
44,2,1,1,0,320,1,1,5,3,269,3,1.935551209,2,1
26,4,2,2,0,1438,0,0,27,0,321,1,4.082810477,1,1
75,5,1,1,0,291,0,0,12,1,350,1,1.416214084,2,2
58,2,1,2,0,0,0,1,30,4,540,1,-0.381491349,2,1
42,4,1,2,0,1275,1,1,21,9,925,5,-0.411453106,0,3
33,8,2,2,0,3404,1,0,20,9,105,2,1.306354308,3,0
55,4,1,3,0,1504,1,0,22,8,338,2,-0.411453106,0,3
33,4,1,2,0,250,0,0,4,7,377,6,-0.411453106,0,3
31,1,2,2,0,761,0,0,18,9,514,2,-0.411453106,0,3
39,4,1,2,1,47,0,0,21,9,28,3,1.176520026,3,0
27,4,2,2,0,99,1,0,4,6,767,2,-0.411453106,0,3
47,1,1,0,0,2749,1,0,30,0,774,2,1.236443541,1,0
52,1,1,1,0,-519,1,0,9,6,442,8,-0.411453106,0,3
33,0,1,1,0,3519,0,0,2,3,161,1,-0.411453106,0,3
47,0,1,1,0,0,0,0,10,9,213,1,1.496112103,1,1
45,4,1,2,0,1874,0,0,28,4,207,1,-0.411453106,0,3
28,4,2,2,0,3611,0,0,26,3,141,2,-0.411453106,0,3
35,1,2,1,0,0,1,0,16,0,1174,1,3.044136226,4,1
60,3,1,0,0,1163,0,0,30,0,470,8,-0.411453106,0,3
69,5,1,0,0,2713,0,0,3,3,32,1,-0.411453106,0,3
30,7,0,0,0,459,1,0,18,5,494,1,-0.411453106,0,3
48,7,1,1,0,1555,0,0,2,3,121,1,-0.411453106,0,3
39,0,2,1,0,223,0,0,4,3,277,1,-0.411453106,0,3
51,1,1,0,0,7098,0,0,6,1,1471,7,-0.411453106,0,3
44,1,1,3,0,1529,1,0,30,0,347,1,-0.411453106,0,3
32,1,2,1,0,3662,0,0,28,4,309,1,-0.411453106,0,3
43,0,2,1,0,-247,1,1,2,3,751,2,0.357565329,4,0
50,0,1,1,0,167,0,1,19,9,47,1,0.926838716,1,0
34,6,2,2,0,9962,0,0,20,1,474,1,-0.411453106,0,3
37,3,1,1,0,7433,0,1,5,3,630,3,-0.411453106,0,3
37,1,1,1,0,660,1,1,5,3,449,4,-0.411453106,0,3
49,4,1,1,0,99,1,0,6,8,687,2,3.024161722,1,0
44,3,1,0,0,2388,0,0,21,9,570,2,-0.411453106,0,3
35,2,2,0,0,5,0,0,21,9,140,3,-0.411453106,0,3
41,4,1,1,0,0,0,0,21,1,280,11,-0.411453106,0,3
55,3,0,0,0,77,0,0,31,5,463,6,-0.411453106,0,3
33,7,1,1,0,478,0,0,30,0,475,2,-0.411453106,0,3
32,1,1,0,0,1261,1,0,21,9,104,1,1.416214084,1,0
46,1,1,0,0,665,0,0,30,4,89,4,1.945538462,2,0
27,1,2,1,0,2486,1,0,29,8,733,1,-0.411453106,0,3
39,0,1,1,0,1757,0,0,28,10,125,1,-0.411453106,0,3
54,10,0,1,0,309,0,0,20,0,241,1,-0.411453106,0,3
51,1,1,0,0,5206,1,0,20,9,168,3,-0.411453106,0,3
36,9,2,1,0,376,0,0,13,9,193,1,0.517361367,1,2
40,9,2,1,0,822,1,1,29,4,155,2,2.045410986,3,0
34,10,1,1,0,978,0,0,3,6,262,2,0.307629067,1,2
25,9,2,1,0,139,0,1,11,4,202,1,0.507374115,1,2
60,9,1,0,0,65,1,0,9,8,1028,2,-0.411453106,0,3
32,9,1,1,0,484,1,0,12,1,668,2,4.222632011,1,2
56,9,0,1,0,179,0,0,18,5,536,1,-0.411453106,0,3
30,1,2,0,0,0,1,0,20,9,1329,2,-0.411453106,0,3
38,1,1,0,0,4406,1,0,13,8,689,2,-0.411453106,0,3
70,4,1,2,0,13297,0,0,2,3,579,2,-0.411453106,0,3
31,4,2,2,0,9421,0,0,25,9,372,1,-0.411453106,0,3
33,2,2,2,0,3017,0,0,21,9,240,3,-0.411453106,0,3
54,9,1,3,0,0,0,0,30,4,491,1,-0.411453106,0,3
36,3,1,1,0,0,0,0,21,1,76,2,-0.411453106,0,3
35,4,1,2,0,611,0,0,1,10,305,2,0.806991687,1,2
43,4,1,2,0,0,0,0,21,1,127,3,-0.411453106,0,3
69,5,1,1,0,0,0,0,25,1,412,2,-0.411453106,0,3
57,4,1,2,0,0,0,1,30,4,209,2,1.56602287,2,1
38,4,1,2,0,223,0,0,28,4,63,1,-0.411453106,0,3
35,9,2,1,0,1227,0,0,18,7,593,4,0.497386863,6,1
31,6,1,2,0,168,0,0,4,3,193,2,-0.411453106,0,3
62,5,1,1,0,1495,0,0,17,1,606,1,1.556035618,1,2
24,9,1,1,0,556,1,0,6,9,368,2,0.397514339,2,2
42,4,1,2,0,0,0,0,20,9,90,2,-0.411453106,0,3
45,7,1,1,0,507,0,1,21,9,304,2,-0.411453106,0,3
35,0,1,1,0,2,1,0,18,7,194,1,-0.411453106,0,3
27,1,2,0,0,377,0,0,19,3,645,2,-0.411453106,0,3
35,4,1,2,0,2161,0,0,9,7,139,2,1.406226832,3,2
52,9,1,3,0,370,1,0,28,4,144,1,1.56602287,2,0
29,10,2,2,0,0,1,0,9,3,102,3,-0.281618825,3,1
54,3,1,2,0,2473,0,0,5,7,607,2,-0.411453106,0,3
71,9,1,2,0,383,0,0,27,0,388,3,-0.411453106,0,3
39,9,1,1,0,1587,1,0,2,6,171,3,-0.411453106,0,3
58,9,1,1,0,1,0,0,2,0,333,1,0.2377183,2,0
32,4,2,2,0,3050,1,0,21,9,58,1,1.416214084,1,0
29,4,2,2,0,1445,0,0,4,2,271,2,-0.411453106,0,3
48,4,1,2,0,998,1,0,29,4,121,3,-0.411453106,0,3
33,9,1,1,0,480,1,0,30,4,272,1,2.295092296,1,1
37,4,2,2,0,1027,1,0,2,7,313,1,1.116596512,2,2
48,4,1,2,0,1348,0,0,20,9,124,1,-0.411453106,0,3
30,9,1,1,0,484,1,0,6,8,703,1,-0.411453106,0,3
49,10,2,2,0,631,0,0,9,3,140,6,-0.281618825,1,1
32,6,2,1,0,360,1,0,9,3,175,3,2.185232519,4,0
55,0,1,1,0,8304,0,0,1,11,193,1,0.517361367,1,2
48,9,1,1,0,1981,1,0,16,7,291,3,1.975500219,2,2
53,1,1,3,0,593,0,0,6,3,137,1,-0.411453106,0,3
42,4,1,3,0,849,1,0,8,10,667,1,2.804442169,1,1
60,5,1,1,0,523,0,0,11,3,467,1,1.416214084,3,2
35,4,1,2,0,1557,1,1,5,3,225,1,2.275117791,1,0
42,9,1,2,0,14282,1,0,6,1,649,4,-0.411453106,0,3
35,4,2,2,0,1902,0,0,19,9,188,5,-0.411453106,0,3
31,1,1,1,0,3653,1,1,21,9,252,1,1.27639255,4,0
46,4,2,2,0,653,0,1,21,9,104,1,-0.411453106,0,3
45,4,1,2,0,96,1,0,20,9,167,1,0.866915202,1,0
35,4,2,2,0,1750,1,0,30,0,687,1,-0.311580582,3,2
48,2,1,2,1,-392,0,0,31,5,725,4,-0.411453106,0,3
25,8,2,1,0,358,0,0,16,9,330,1,-0.411453106,0,3
76,5,0,0,0,802,0,0,9,11,475,5,-0.411453106,0,3
66,5,1,1,0,2326,0,1,18,3,232,1,1.406226832,1,2
28,4,2,2,0,2725,0,0,16,6,292,1,4.632109359,1,0
45,7,2,0,0,1893,1,0,3,6,1259,6,-0.411453106,0,3
33,4,1,1,0,336,0,0,15,0,179,3,-0.411453106,0,3
64,4,1,2,0,5112,0,0,19,10,898,7,0.966787726,11,1
30,9,2,1,0,930,0,0,2,5,396,1,-0.411453106,0,3
31,4,2,2,0,11821,0,0,18,1,384,11,-0.411453106,0,3
30,2,1,1,0,12737,0,1,19,9,589,2,-0.411453106,0,3
69,5,1,3,0,426,0,0,9,2,395,1,-0.411453106,0,3
49,7,0,1,0,1162,0,0,5,3,159,1,-0.411453106,0,3
57,10,1,0,0,3367,0,0,21,9,126,1,-0.411453106,0,3
40,6,1,1,0,0,0,0,22,1,55,6,-0.411453106,0,3
50,9,1,1,0,2497,1,0,21,9,35,1,1.35629057,1,0
66,5,1,0,0,2883,0,0,23,0,158,1,-0.411453106,0,3
52,4,1,2,0,6922,0,0,20,9,371,1,-0.411453106,0,3
32,0,1,1,0,3473,0,0,28,4,112,1,-0.411453106,0,3
27,4,1,2,0,145,0,0,29,4,103,1,-0.411453106,0,3
31,1,1,1,0,99,1,0,29,4,653,3,-0.411453106,0,3
45,7,1,1,0,-32,0,0,28,4,56,2,-0.411453106,0,3
42,7,1,2,0,4216,0,0,12,6,186,2,-0.411453106,0,3
54,4,1,0,0,5787,0,0,21,9,240,2,-0.411453106,0,3
32,6,1,1,0,409,0,0,9,7,217,2,-0.411453106,0,3
31,1,1,1,0,0,1,0,10,1,97,1,7.408565528,1,1
47,7,0,1,0,0,0,0,28,4,216,1,-0.411453106,0,3
36,4,2,2,0,4,1,0,7,8,855,2,3.014174469,1,0
57,9,0,1,0,285,0,0,4,3,348,2,-0.411453106,0,3
29,4,2,2,0,92,0,0,2,7,175,5,-0.411453106,0,3
56,10,1,1,0,972,0,0,30,4,52,2,-0.411453106,0,3
47,1,0,0,0,1279,1,0,6,3,479,2,-0.411453106,0,3
41,1,1,1,0,1236,1,0,11,8,911,3,-0.411453106,0,3
54,4,1,2,0,511,0,0,17,3,1201,3,-0.411453106,0,3
31,7,1,1,0,288,0,0,30,4,164,1,-0.411453106,0,3
40,1,1,1,0,-605,1,1,21,9,79,1,1.306354308,1,0
26,0,2,1,0,255,0,0,14,1,209,2,0.657182901,2,2
48,10,1,0,0,1296,0,0,5,7,119,1,-0.411453106,0,3
30,8,2,2,0,2766,0,0,21,9,834,1,-0.411453106,0,3
29,9,2,1,0,1165,0,0,2,6,245,1,-0.411453106,0,3
35,4,1,2,0,0,0,0,21,9,240,1,-0.411453106,0,3
55,1,1,3,0,7561,0,0,6,6,685,3,-0.411453106,0,3
27,9,1,1,0,2735,1,0,29,4,205,1,-0.411453106,0,3
45,3,1,1,0,360,0,0,3,9,215,1,-0.411453106,0,3
31,9,2,1,0,846,0,0,26,8,405,3,1.645920889,2,0
45,0,1,1,0,857,1,0,21,9,169,1,0.517361367,20,1
49,9,1,1,0,175,1,1,21,9,70,1,-0.411453106,0,3
47,9,2,1,0,58,0,0,5,3,33,1,-0.411453106,0,3
31,9,2,2,0,236,1,0,30,4,200,1,2.185232519,1,0
35,1,0,1,0,3102,1,0,20,9,138,1,-0.411453106,0,3
54,9,0,1,0,2156,1,0,3,3,261,1,1.546048365,4,0
49,9,0,2,0,1807,1,0,12,7,229,1,-0.411453106,0,3
74,5,1,1,0,9480,0,0,21,0,211,1,-0.411453106,0,3
26,10,2,1,0,622,0,0,28,4,1451,2,-0.411453106,0,3
52,4,1,1,0,4873,0,0,6,3,381,6,1.725818909,9,0
30,4,2,2,0,167,0,0,30,4,320,2,-0.411453106,0,3
54,5,1,1,0,883,0,0,5,3,305,4,-0.411453106,0,3
59,4,2,2,0,705,0,0,3,3,537,4,-0.411453106,0,3
30,6,2,1,0,-617,0,1,19,9,925,1,-0.411453106,0,3
37,8,2,1,0,681,0,0,5,3,187,1,-0.321567835,1,1
33,0,1,1,0,4012,0,1,28,4,90,1,2.245156034,4,0
40,7,1,1,0,473,1,0,28,5,383,3,-0.411453106,0,3
33,4,1,1,0,3935,1,0,6,8,765,1,3.014174469,2,0
37,7,2,1,0,174,1,0,2,3,134,1,2.305079548,2,0
50,3,1,0,0,85,0,0,21,9,714,1,-0.411453106,0,3
39,1,2,0,0,3384,1,0,20,9,39,1,-0.411453106,0,3
75,5,1,2,0,6027,0,0,14,8,809,1,1.386252327,4,2
27,4,1,2,0,802,0,0,22,11,569,1,-0.411453106,0,3
77,5,1,1,0,4112,0,0,29,5,426,1,1.436188589,3,2
60,5,0,1,0,1091,0,0,30,5,441,5,-0.411453106,0,3
24,8,2,1,0,1250,0,0,25,7,411,2,-0.411453106,0,3
31,9,2,1,0,506,0,0,21,1,43,4,-0.411453106,0,3
37,4,2,2,0,1730,0,0,19,7,167,1,-0.411453106,0,3
68,5,1,1,0,0,0,0,22,6,586,1,-0.411453106,0,3
38,4,1,2,0,613,0,0,3,3,239,1,-0.411453106,0,3
59,9,1,1,0,7766,1,0,25,3,1422,1,4.202657506,1,0
54,6,0,1,0,1016,1,0,21,9,643,3,-0.411453106,0,3
51,4,1,2,0,307,0,0,21,1,244,6,-0.411453106,0,3
43,0,2,1,0,733,1,0,25,8,282,1,1.466150346,3,2
34,9,0,1,0,1301,1,0,30,4,196,2,1.486124851,2,0
29,7,1,1,0,222,1,0,3,3,197,1,2.095347248,23,0
52,6,1,2,0,6657,0,0,30,0,917,1,-0.411453106,0,3
45,1,1,0,0,185,1,0,29,4,249,3,-0.411453106,0,3
36,0,2,2,0,2622,0,0,19,9,640,1,0.866915202,5,0
33,9,2,2,0,390,1,0,3,3,161,1,2.155270762,1,0
57,0,1,1,0,4391,0,0,4,3,1416,1,-0.411453106,0,3
27,8,2,1,0,3,0,0,28,4,131,1,-0.411453106,0,3
54,9,1,1,0,719,1,0,2,3,242,1,2.235168781,1,0
75,5,0,0,0,3881,1,0,4,3,136,3,-0.411453106,0,3
54,4,0,2,0,2171,1,1,18,9,1034,1,-0.411453106,0,3
32,10,2,1,0,2706,0,0,21,9,462,3,-0.411453106,0,3
38,4,1,2,0,655,0,0,3,3,389,3,-0.411453106,0,3
40,10,2,2,0,7968,0,0,2,6,596,1,-0.411453106,0,3
31,4,1,2,0,131,0,0,18,3,332,2,-0.411453106,0,3
40,7,1,1,0,1674,1,1,4,3,144,1,2.335041306,2,1
50,1,2,0,0,1558,1,0,3,3,294,1,2.245156034,1,1
33,9,2,2,0,316,0,0,21,1,126,3,-0.411453106,0,3
26,4,2,2,0,383,0,0,6,3,645,2,-0.411453106,0,3
42,4,2,2,0,3445,0,0,19,9,1662,3,-0.411453106,0,3
42,7,1,1,0,1152,1,0,29,4,168,1,-0.411453106,0,3
51,9,1,1,0,216,0,0,7,5,615,2,-0.411453106,0,3
36,9,1,2,0,911,1,1,25,8,117,2,-0.191733554,3,0
70,5,1,1,0,2626,0,0,2,11,140,2,-0.411453106,0,3
32,4,1,2,0,169,0,0,14,1,698,2,-0.411453106,0,3
52,0,1,1,0,199,0,0,28,4,978,2,1.486124851,1,1
41,9,1,1,0,1819,0,0,22,11,397,1,3.303804789,3,0
23,8,2,1,0,1234,0,0,15,3,379,1,0.507374115,1,2
38,1,1,0,0,190,1,0,19,9,623,1,1.346303317,1,1
38,10,2,1,0,2876,0,0,2,3,245,2,-0.411453106,0,3
37,3,0,0,0,0,1,1,21,9,158,7,-0.411453106,0,3
42,9,2,1,0,1364,1,0,15,8,1867,6,-0.411453106,0,3
37,1,2,1,0,3111,1,0,21,9,9,3,1.446175841,2,0
57,9,0,2,0,96,0,0,21,1,913,4,-0.411453106,0,3
50,1,1,1,1,-812,0,1,5,3,8,8,-0.411453106,0,3
60,5,1,1,0,404,0,0,21,1,335,2,-0.411453106,0,3
52,7,1,0,0,2618,1,0,21,9,73,2,-0.411453106,0,3
34,1,2,0,1,81,0,1,9,3,44,2,-0.411453106,0,3
36,1,1,0,0,156,1,0,21,9,219,2,-0.411453106,0,3
65,4,0,2,0,90,1,0,22,0,416,1,-0.411453106,0,3
58,4,1,2,0,256,0,0,10,2,422,1,1.476137598,3,2
63,1,1,0,0,115,0,0,27,0,325,1,1.396239579,7,0
37,9,2,1,0,2442,0,0,16,3,91,3,-0.411453106,0,3
26,10,2,2,0,814,0,0,28,4,1387,1,-0.411453106,0,3
58,5,1,3,0,662,1,0,2,3,389,1,-0.411453106,0,3
35,6,1,2,0,7990,1,0,4,3,357,1,-0.411453106,0,3
29,4,2,2,0,268,0,0,16,0,667,1,-0.411453106,0,3
33,4,2,2,0,7084,0,0,27,1,512,8,-0.411453106,0,3
44,3,2,1,0,299,0,0,20,9,186,1,-0.411453106,0,3
35,6,1,1,0,524,1,0,21,9,484,4,-0.411453106,0,3
28,4,2,1,0,2840,0,0,20,0,227,5,-0.411453106,0,3
57,9,1,1,0,7766,1,0,21,9,220,1,-0.411453106,0,3
32,9,2,2,1,0,0,0,19,9,122,2,-0.411453106,0,3
53,1,1,0,0,751,1,0,3,3,1528,2,-0.411453106,0,3
39,10,0,1,0,265,1,0,27,8,93,1,5.141459232,2,1
29,4,1,2,0,51,1,0,17,5,1319,5,-0.411453106,0,3
31,1,2,1,0,-159,0,1,21,9,49,1,-0.411453106,0,3
57,1,1,1,0,2887,0,0,21,1,819,10,-0.411453106,0,3
49,10,1,0,0,518,0,0,29,4,1917,2,-0.411453106,0,3
43,9,1,1,0,4056,0,0,4,3,154,2,-0.411453106,0,3
39,9,2,1,0,-529,1,0,21,9,18,5,-0.411453106,0,3
51,4,1,2,0,3463,0,1,13,5,371,2,1.256418046,3,1
33,0,1,1,0,95,1,0,30,0,335,1,-0.411453106,0,3
31,0,1,1,0,782,1,0,20,9,427,1,-0.411453106,0,3
23,10,2,0,0,1003,0,0,27,9,8,1,-0.411453106,0,3
55,7,0,0,0,2923,1,0,29,4,94,1,2.185232519,2,0
37,4,1,2,0,2283,0,0,6,1,303,2,0.517361367,4,2
31,4,2,2,0,1073,1,0,29,4,82,1,-0.411453106,0,3
29,3,2,2,0,19,0,0,4,8,268,1,0.477412358,4,2
32,4,0,2,0,874,0,0,21,9,366,3,0.607246639,6,2
30,9,2,2,0,3291,1,0,19,8,1218,3,-0.411453106,0,3
30,9,2,1,0,62,1,0,3,3,678,2,2.115321753,1,1
27,9,2,1,0,261,1,0,29,4,236,2,2.065385491,2,0
37,2,2,1,0,-22,1,0,15,8,317,1,-0.411453106,0,3
55,0,1,1,0,1633,0,0,11,4,210,1,1.516086608,2,2
43,1,1,1,0,130,1,0,9,3,146,3,2.155270762,1,0
38,4,1,2,0,385,1,0,28,10,154,1,-0.411453106,0,3
58,1,2,1,0,119,1,1,12,8,985,1,-0.411453106,0,3
50,4,1,1,0,2910,0,0,19,9,433,1,0.727093668,1,0
38,4,2,2,0,6158,1,0,15,0,139,5,1.046685745,9,0
57,7,1,0,0,-319,0,1,5,3,620,1,1.556035618,1,1
33,9,1,1,0,303,1,0,3,3,355,1,2.604697121,5,2
35,1,1,2,0,199,1,1,20,9,176,1,-0.411453106,0,3
31,4,1,2,0,1402,0,0,21,9,104,2,-0.411453106,0,3
33,4,2,2,0,3821,0,0,21,9,201,5,-0.411453106,0,3
46,1,0,0,0,216,0,0,2,3,173,1,-0.411453106,0,3
46,4,1,3,0,2466,0,0,1,0,216,3,3.293817537,1,0
26,7,2,1,0,110,0,0,30,4,1136,2,-0.411453106,0,3
38,3,0,1,0,70,0,0,27,4,164,4,0.517361367,4,2
47,4,2,2,0,334,1,0,28,6,614,3,0.537335872,9,2
36,2,1,1,0,546,0,0,9,3,297,3,-0.411453106,0,3
53,9,1,1,0,144,0,0,21,1,282,4,-0.411453106,0,3
33,4,1,2,0,516,1,0,19,9,245,4,-0.411453106,0,3
61,5,1,2,0,2557,1,0,10,3,158,2,0.517361367,5,2
44,9,0,1,0,982,1,0,20,8,650,3,-0.411453106,0,3
27,8,2,2,0,3733,1,0,13,3,299,6,-0.411453106,0,3
42,11,2,3,0,942,0,0,27,4,245,1,0.517361367,2,2
31,3,2,2,0,596,0,0,28,4,30,1,-0.411453106,0,3
44,9,1,0,0,7800,1,0,19,9,250,1,-0.411453106,0,3
54,4,1,2,0,67,1,0,2,3,161,3,0.327603572,1,1
45,4,1,2,0,0,0,0,21,1,144,2,-0.411453106,0,3
53,1,1,1,0,25,0,0,22,1,528,2,-0.411453106,0,3
31,9,1,2,0,3338,1,0,21,2,264,2,-0.411453106,0,3
29,7,2,1,0,32,1,0,4,6,563,1,-0.411453106,0,3
37,9,1,1,0,523,1,0,20,9,232,4,-0.411453106,0,3
29,4,1,2,0,1258,1,0,29,4,287,1,-0.411453106,0,3
31,9,1,1,0,0,1,1,28,4,71,1,1.825691433,9,1
36,0,1,1,0,854,1,0,2,3,130,1,-0.411453106,0,3
56,1,1,0,0,115,0,0,4,3,111,1,-0.411453106,0,3
59,1,0,0,0,989,0,0,20,5,125,2,-0.411453106,0,3
32,6,1,2,0,428,0,1,3,3,142,2,-0.411453106,0,3
80,5,1,0,0,1468,0,0,13,4,330,3,-0.411453106,0,3
35,4,2,2,0,5958,1,0,22,7,215,1,-0.411453106,0,3
83,5,2,0,0,3349,0,0,12,3,89,1,-0.411453106,0,3
24,8,2,2,0,235,0,0,9,9,118,1,-0.411453106,0,3
31,4,1,2,0,141,1,0,4,3,572,2,1.975500219,7,1
49,9,1,1,0,0,1,0,19,9,102,2,-0.411453106,0,3
60,5,1,2,0,108,0,0,26,1,624,1,-0.411453106,0,3
36,2,1,2,0,2700,0,0,4,3,99,3,-0.411453106,0,3
33,10,2,1,0,237,1,0,4,3,1052,2,-0.411453106,0,3
34,4,2,2,0,404,1,0,5,3,10,6,-0.411453106,0,3
32,9,2,2,0,1534,0,0,2,3,199,2,-0.411453106,0,3
42,10,2,1,0,1523,1,0,2,3,736,1,-0.411453106,0,3
30,4,1,2,0,0,0,0,21,1,142,2,-0.411453106,0,3
46,9,0,1,0,741,1,0,28,4,83,1,2.175245267,1,1
39,2,1,2,0,4,1,1,2,3,871,4,-0.411453106,0,3
31,4,1,2,0,732,1,0,29,4,542,1,2.005461976,1,0
32,8,2,3,0,5969,0,0,6,3,12,7,-0.411453106,0,3
32,7,2,1,0,11287,1,0,21,9,92,7,-0.411453106,0,3
23,8,2,1,0,486,0,0,3,7,87,1,-0.411453106,0,3
31,1,2,2,0,328,1,0,20,9,89,1,-0.411453106,0,3
47,4,1,2,0,2306,0,0,6,1,239,4,-0.411453106,0,3
31,0,2,2,0,4041,0,0,30,0,1034,2,-0.411453106,0,3
59,5,1,1,0,242,0,1,5,3,17,10,-0.411453106,0,3
26,7,2,1,0,598,1,0,5,3,401,2,2.315066801,1,1
52,2,1,0,0,2594,1,0,21,9,425,1,-0.411453106,0,3
37,7,1,1,0,4017,0,0,16,10,156,1,-0.411453106,0,3
27,7,1,1,0,199,0,0,4,3,108,2,1.546048365,6,0
32,4,2,2,0,819,1,0,20,0,114,2,-0.411453106,0,3
30,4,2,2,0,4091,0,0,20,9,96,2,-0.411453106,0,3
38,7,1,1,0,934,1,0,14,8,715,1,-0.411453106,0,3
24,0,2,1,0,166,0,0,10,11,256,2,-0.411453106,0,3
31,7,1,1,0,1167,1,1,20,9,279,1,-0.411453106,0,3
36,7,1,1,0,145,1,0,2,3,109,1,2.115321753,2,1
30,4,2,2,0,697,0,0,29,10,215,3,0.397514339,5,2
55,4,1,1,0,1928,0,0,21,9,87,4,-0.411453106,0,3
34,9,2,2,0,586,1,0,3,3,43,5,2.225181529,2,0
37,4,1,2,0,238,0,0,3,9,149,1,-0.411453106,0,3
38,1,2,1,0,5133,1,0,21,9,87,2,1.27639255,2,1
64,5,1,2,0,1644,0,0,7,11,569,4,-0.411453106,0,3
34,9,2,1,0,1279,1,0,22,5,174,2,1.196494531,8,1
39,9,1,1,0,2266,0,0,18,3,208,4,-0.411453106,0,3
42,1,1,0,0,-97,1,0,3,3,216,4,2.305079548,5,0
56,9,1,1,0,6619,1,0,4,9,465,1,-0.411453106,0,3
19,8,2,1,0,329,0,0,30,0,169,1,1.496112103,2,2
31,0,1,1,0,2,1,1,12,8,703,4,-0.411453106,0,3
53,6,0,2,0,8,0,0,28,4,201,3,-0.411453106,0,3
30,2,1,1,0,392,1,0,20,9,117,3,-0.411453106,0,3
78,11,1,3,0,2235,0,0,14,0,300,3,-0.411453106,0,3
37,1,1,0,0,643,1,1,2,3,81,3,2.285105043,3,1
57,5,1,0,0,0,0,0,21,1,394,3,-0.411453106,0,3
34,0,1,1,0,869,0,0,6,8,1677,1,-0.411453106,0,3
31,4,2,2,0,354,0,0,21,0,242,2,-0.411453106,0,3
59,9,1,3,0,0,0,0,5,3,214,1,-0.411453106,0,3
46,4,2,2,0,593,1,0,29,4,190,3,-0.411453106,0,3
40,4,0,2,0,9541,0,0,20,9,128,2,1.486124851,1,0
35,9,1,1,0,84,1,0,21,1,415,3,-0.411453106,0,3
37,4,0,1,0,16,1,0,30,8,638,1,-0.411453106,0,3
35,1,1,1,0,5304,1,0,20,9,340,1,1.426201336,2,0
35,0,1,1,0,-85,0,0,2,7,136,6,-0.411453106,0,3
32,0,2,1,0,1630,1,0,30,4,122,1,-0.411453106,0,3
32,0,1,2,0,118,0,0,21,9,383,4,1.35629057,10,0
53,3,1,1,0,637,0,0,28,4,150,2,-0.411453106,0,3
46,9,2,2,0,628,0,0,20,9,454,5,-0.411453106,0,3
54,10,0,1,0,925,0,0,5,3,2,1,-0.411453106,0,3
54,3,0,0,0,2253,1,0,5,3,266,1,1.556035618,1,0
45,4,2,2,0,1411,0,0,7,11,800,2,0.617233891,3,0
35,7,1,1,0,868,0,0,6,3,36,1,-0.411453106,0,3
53,1,1,1,0,21522,0,0,20,9,83,3,1.086634755,4,0
38,4,2,2,0,175,1,1,4,3,139,5,-0.411453106,0,3
33,9,1,1,0,2044,1,0,4,8,532,3,-0.411453106,0,3
59,5,1,2,0,422,1,0,14,8,647,4,-0.411453106,0,3
38,10,1,1,0,1906,0,1,20,9,210,2,-0.411453106,0,3
56,1,2,1,0,1187,1,0,5,3,47,2,-0.411453106,0,3
28,8,2,2,0,22,1,0,15,8,536,2,-0.411453106,0,3
27,8,2,2,0,13107,1,0,6,0,661,1,2.734531402,2,0
52,11,1,2,0,1618,0,0,29,4,184,2,-0.411453106,0,3
37,7,1,1,0,692,1,0,20,9,42,1,-0.411453106,0,3
28,4,2,2,0,321,0,1,5,3,255,6,-0.411453106,0,3
35,1,1,1,0,86,0,0,19,9,127,1,0.707119163,2,0
60,5,1,0,0,174,1,1,2,3,157,2,2.115321753,1,0
55,5,0,1,0,366,0,0,11,2,173,1,-0.411453106,0,3
53,4,1,2,0,0,0,0,28,4,1745,2,-0.411453106,0,3
32,10,2,2,0,5874,0,0,3,3,298,1,-0.411453106,0,3
34,0,1,1,0,0,1,0,9,3,30,4,-0.411453106,0,3
22,7,2,1,0,129,0,0,16,10,258,1,-0.411453106,0,3
46,3,1,1,0,271,1,0,30,5,1013,29,-0.411453106,0,3
35,4,2,2,0,538,0,0,22,2,410,3,1.246430793,2,1
48,4,1,2,0,1949,1,0,13,8,683,2,-0.411453106,0,3
35,9,1,1,0,545,1,0,16,0,1579,1,1.935551209,4,0
37,9,1,1,0,77,1,1,21,9,44,1,-0.411453106,0,3
27,9,2,2,0,4661,0,0,8,0,114,1,-0.411453106,0,3
35,4,2,2,0,1599,1,1,13,0,407,1,-0.411453106,0,3
46,0,1,1,0,466,1,0,29,4,169,1,-0.411453106,0,3
59,9,1,1,0,1,0,0,15,0,159,2,3.373715556,3,0
30,1,2,1,0,155,1,1,9,5,1426,3,-0.411453106,0,3
34,9,2,1,0,5039,0,0,20,9,205,6,-0.411453106,0,3
52,4,1,2,0,3634,0,0,8,3,341,8,-0.411453106,0,3
46,1,1,0,0,580,1,0,4,3,30,2,-0.411453106,0,3
40,10,0,1,0,4082,1,0,4,3,113,1,-0.411453106,0,3
60,7,1,1,0,594,1,0,3,3,35,7,2.245156034,5,1
34,1,2,1,0,79,0,1,20,9,104,1,-0.411453106,0,3
55,1,1,0,0,512,0,0,5,1,1200,2,-0.411453106,0,3
32,9,2,2,0,705,0,0,17,6,544,1,-0.411453106,0,3
30,4,2,2,0,485,1,0,21,9,89,2,-0.411453106,0,3
48,3,1,1,0,513,0,1,28,5,939,3,-0.411453106,0,3
85,5,1,0,0,98,0,0,30,0,416,1,-0.411453106,0,3
41,4,1,2,0,0,0,0,17,11,294,4,0.227731048,11,1
30,4,2,2,0,1028,0,0,4,3,1294,2,-0.411453106,0,3
22,1,2,1,0,682,0,0,5,6,126,2,0.507374115,1,2
40,9,0,1,0,0,0,0,7,1,674,2,-0.411453106,0,3
54,11,0,2,0,2272,1,0,19,9,88,1,1.486124851,1,0
42,4,1,2,0,9916,1,0,21,9,306,1,-0.411453106,0,3
36,4,1,2,0,495,0,0,12,7,213,3,1.416214084,6,2
30,0,2,1,0,523,0,1,3,7,83,1,-0.411453106,0,3
32,0,0,1,0,298,1,0,9,3,12,4,-0.411453106,0,3
42,0,2,1,0,1451,1,0,4,8,251,4,-0.411453106,0,3
30,6,1,2,0,1930,0,0,20,9,80,1,-0.411453106,0,3
34,4,2,2,0,1058,1,0,28,8,864,2,-0.411453106,0,3
33,8,2,2,0,2904,0,0,20,9,42,1,-0.411453106,0,3
27,1,1,1,0,245,1,0,5,3,7,7,2.14528351,11,0
33,9,0,1,0,464,0,0,4,3,207,4,-0.411453106,0,3
72,5,1,0,0,2600,0,0,3,3,443,2,0.417488843,3,2
38,1,0,1,0,316,1,0,28,4,223,1,2.065385491,2,2
27,9,2,2,0,11862,0,0,20,1,217,1,0.467425105,6,0
35,4,2,2,0,916,1,0,14,8,460,2,-0.411453106,0,3
27,8,2,1,0,585,0,0,28,4,180,3,-0.411453106,0,3
30,3,2,1,0,1924,0,0,6,3,170,1,-0.411453106,0,3
37,0,2,2,0,1000,1,0,17,7,195,1,-0.411453106,0,3
45,0,1,1,1,1,0,0,2,3,1028,2,1.665895394,1,1
24,8,2,1,0,382,0,0,13,9,256,2,0.517361367,3,0
49,4,0,2,0,300,0,0,21,5,316,1,-0.411453106,0,3
40,9,2,2,0,1646,1,0,4,1,173,1,0.517361367,5,2
35,9,2,1,0,354,0,0,11,1,444,3,-0.411453106,0,3
63,9,1,1,0,896,1,0,14,1,276,2,-0.411453106,0,3
31,1,2,1,0,953,1,0,14,8,479,1,3.054123479,2,2
32,1,1,1,0,257,1,1,29,4,74,1,1.985487471,1,1
36,9,2,1,0,539,1,0,27,1,398,2,4.362453544,1,0
40,1,1,0,0,0,1,0,21,5,1080,4,-0.411453106,0,3
28,9,2,2,0,11862,0,0,21,10,549,2,1.975500219,13,1
43,1,2,0,0,0,0,0,9,5,1242,1,-0.411453106,0,3
58,4,0,2,0,5701,0,0,2,3,521,1,-0.411453106,0,3
33,1,1,0,0,28,0,1,5,3,144,2,-0.411453106,0,3
40,10,2,2,0,7968,0,0,3,11,733,1,0.52734862,1,2
27,6,2,2,0,970,1,0,13,3,55,2,-0.411453106,0,3
33,9,2,1,0,211,1,1,6,3,217,2,-0.411453106,0,3
19,8,2,3,0,108,0,0,9,7,273,2,1.416214084,1,2
22,8,2,1,0,23,0,0,27,10,137,1,-0.411453106,0,3
37,4,2,2,0,698,0,0,8,11,1081,2,-0.411453106,0,3
36,9,1,1,0,2473,0,0,28,1,965,4,-0.411453106,0,3
